INSERT INTO pessoa (nome, email, telefone, cpf, data_nascimento)
VALUES
    ('João Silva', 'joao.silva@example.com', '11999999999', '12345678901', '1990-01-15'),
    ('Maria Oliveira', 'maria.oliveira@example.com', '11988888888', '98765432100', '1985-06-20'),
    ('Carlos Pereira', 'carlos.pereira@example.com', '11977777777', '10293847561', '1992-09-10'),
    ('Ana Santos', 'ana.santos@example.com', '11966666666', '56473829101', '1991-02-15'),
    ('Lucas Lima', 'lucas.lima@example.com', '11955555555', '35482617120', '1989-12-05'),
    ('Paula Costa', 'paula.costa@example.com', '11944444444', '12121212123', '1993-08-25'),
    ('Roberto Almeida', 'roberto.almeida@example.com', '11933333333', '21436587901', '1987-03-10'),
    ('Fernanda Silva', 'fernanda.silva@example.com', '11922222222', '33221144556', '1994-04-30'),
    ('Eduardo Rocha', 'eduardo.rocha@example.com', '11911111111', '55667788900', '1988-11-22'),
    ('Juliana Souza', 'juliana.souza@example.com', '11900000000', '77665544332', '1995-07-17'),
    ('Mariana Andrade', 'mariana.andrade@example.com', '11912345678', '12345678902', '1990-05-22'),
    ('Felipe Costa', 'felipe.costa@example.com', '11987654321', '98765432101', '1988-10-03'),
    ('Gustavo Mendes', 'gustavo.mendes@example.com', '11923456789', '12312312399', '1992-11-11'),
    ('Renata Fernandes', 'renata.fernandes@example.com', '11934567890', '99988877766', '1994-03-08'),
    ('Patricia Azevedo', 'patricia.azevedo@example.com', '11945678901', '11122233344', '1987-07-19'),
    ('Bruno Silva', 'bruno.silva@example.com', '11956789012', '22233344455', '1993-01-30'),
    ('Camila Gomes', 'camila.gomes@example.com', '11967890123', '33344455566', '1991-09-14'),
    ('Rafael Martins', 'rafael.martins@example.com', '11978901234', '44455566677', '1989-12-25'),
    ('Aline Souza', 'aline.souza@example.com', '11989012345', '55566677788', '1995-02-28'),
    ('Daniel Rocha', 'daniel.rocha@example.com', '11990123456', '66677788899', '1986-11-05'),
    ( 'Thiago Mendes', 'thiago.mendes@example.com', '11911223344', '12345678903', '1990-03-12'),
    ( 'Isabela Ramos', 'isabela.ramos@example.com', '11922334455', '12345678904', '1991-04-23'),
    ( 'Felipe Almeida', 'felipe.almeida@example.com', '11933445566', '12345678905', '1992-05-14'),
    ( 'Larissa Souza', 'larissa.souza@example.com', '11944556677', '12345678906', '1993-06-25'),
    ( 'Bruno Costa', 'bruno.costa@example.com', '11955667788', '12345678907', '1994-07-16'),
    ( 'Amanda Lima', 'amanda.lima@example.com', '11966778899', '12345678908', '1995-08-27'),
    ( 'Victor Fernandes', 'victor.fernandes@example.com', '11977889900', '12345678909', '1996-09-18'),
    ( 'Sofia Martins', 'sofia.martins@example.com', '11988990011', '12345678910', '1997-10-29'),
    ( 'Gabriel Rocha', 'gabriel.rocha@example.com', '11999001122', '12345678911', '1998-11-10'),
    ( 'Camila Pereira', 'camila.pereira@example.com', '11910111213', '12345678912', '1999-12-21'),
    ( 'Rafael Silva', 'rafael.silva@example.com', '11912131415', '12345678913', '2000-01-02'),
    ('Manuela Oliveira', 'manuela.oliveira@example.com', '11913141516', '12345678914', '2001-02-13'),
    ( 'Pedro Santos', 'pedro.santos@example.com', '11914151617', '12345678915', '2002-03-24'),
    ( 'Juliana Costa', 'juliana.costa@example.com', '11915161718', '12345678916', '2003-04-05'),
    ( 'Lucas Souza', 'lucas.souza@example.com', '11916171819', '12345678917', '2004-05-16'),
    ( 'Maria Clara Rocha', 'maria.clara.rocha@example.com', '11917181920', '12345678918', '2005-06-27'),
    ('Daniel Oliveira', 'daniel.oliveira@example.com', '11918192021', '12345678919', '2006-07-08'),
    ( 'Ana Beatriz Lima', 'ana.beatriz.lima@example.com', '11919202122', '12345678920', '2007-08-19'),
    ( 'Guilherme Alves', 'guilherme.alves@example.com', '11920212223', '12345678921', '2008-09-30'),
    ( 'Paula Martins', 'paula.martins@example.com', '11921222324', '12345678922', '2009-10-11'),
    ( 'Leonardo Gomes', 'leonardo.gomes@example.com', '11922232425', '12345678923', '2010-11-22'),
    ( 'Fernanda Silva', 'fernanda.silva2@example.com', '11923242526', '12345678924', '2011-12-03'),
    ( 'Vinícius Costa', 'vinicius.costa@example.com', '11924252627', '12345678925', '2012-01-14'),
    ( 'Bianca Rocha', 'bianca.rocha@example.com', '11925262728', '12345678926', '2013-02-25'),
    ( 'Bruna Pereira', 'bruna.pereira@example.com', '11926272829', '12345678927', '2014-03-06'),
    ( 'Matheus Silva', 'matheus.silva@example.com', '11927282930', '12345678928', '2015-04-17'),
    ( 'Luana Oliveira', 'luana.oliveira@example.com', '11928293031', '12345678929', '2016-05-28'),
    ( 'Leonardo Santos', 'leonardo.santos@example.com', '11929303132', '12345678930', '2017-06-09'),
    ( 'Isabella Costa', 'isabella.costa@example.com', '11930313233', '12345678931', '2018-07-20'),
    ( 'Felipe Rocha', 'felipe.rocha@example.com', '11931323334', '12345678932', '2019-08-31'),
    ( 'Mariana Lima', 'mariana.lima@example.com', '11932333435', '12345678933', '2020-09-11'),
    ( 'Eduardo Alves', 'eduardo.alves@example.com', '11933343536', '12345678934', '2021-10-22'),
    ( 'Carolina Gomes', 'carolina.gomes@example.com', '11934353637', '12345678935', '2022-11-03'),
    ( 'Lucas Fernandes', 'lucas.fernandes@example.com', '11935363738', '12345678936', '2023-12-14'),
    ( 'Letícia Souza', 'leticia.souza@example.com', '11936373839', '12345678937', '2024-01-25'),
    ( 'Gabriel Oliveira', 'gabriel.oliveira@example.com', '11937383940', '12345678938', '2025-02-05'),
    ( 'Ana Paula Lima', 'ana.paula.lima@example.com', '11938394041', '12345678939', '2026-03-16'),
    ( 'Bruno Costa', 'bruno.costa2@example.com', '11939404142', '12345678940', '2027-04-27'),
    ( 'Larissa Martins', 'larissa.martins@example.com', '11940414243', '12345678941', '2028-05-08'),
    ( 'Ricardo Silva', 'ricardo.silva@example.com', '11941424344', '12345678942', '2029-06-19'),
    ('Cecília Araújo', 'cecilia.araujo@example.com', '11910001000', '12345678943', '1990-01-10'),
    ('Fernando Vasconcelos', 'fernando.vasconcelos@example.com', '11920002000', '98765432144', '1985-02-20'),
    ('Beatriz Almeida', 'beatriz.almeida@example.com', '11930003000', '12345678945', '1993-03-30'),
    ('André Ribeiro', 'andre.ribeiro@example.com', '11940004000', '98765432146', '1987-04-25'),
    ('Gabriela Nunes', 'gabriela.nunes@example.com', '11950005000', '12345678947', '1994-05-15'),
    ('Vinícius Marques', 'vinicius.marques@example.com', '11960006000', '98765432148', '1989-06-10'),
    ('Juliana Carvalho', 'juliana.carvalho@example.com', '11970007000', '12345678949', '1992-07-20'),
    ('Marcelo Pereira', 'marcelo.pereira@example.com', '11980008000', '98765432150', '1995-08-18'),
    ('Renata Lopes', 'renata.lopes@example.com', '11990009000', '12345678951', '1990-09-05'),
    ('Daniela Monteiro', 'daniela.monteiro@example.com', '11911112222', '98765432152', '1991-10-12'),
    ('Thiago Oliveira', 'thiago.oliveira@example.com', '11922223333', '12345678953', '1992-11-22'),
    ('Marina Costa', 'marina.costa@example.com', '11933334444', '98765432154', '1993-12-03'),
    ('Paulo Henrique', 'paulo.henrique@example.com', '11944445555', '12345678955', '1994-01-15'),
    ('Carolina Silva', 'carolina.silva@example.com', '11955556666', '98765432156', '1995-02-28'),
    ('Luís Felipe', 'luis.felipe@example.com', '11966667777', '12345678957', '1996-03-10'),
    ('Camila Ferreira', 'camila.ferreira@example.com', '11977778888', '98765432158', '1997-04-18'),
    ('Rodrigo Rocha', 'rodrigo.rocha@example.com', '11988889999', '12345678959', '1998-05-05'),
    ('Aline Castro', 'aline.castro@example.com', '11999990000', '98765432160', '1999-06-15'),
    ('Fábio Martins', 'fabio.martins@example.com', '11912121212', '12345678961', '2000-07-25'),
    ('Patrícia Souza', 'patricia.souza@example.com', '11913131313', '98765432162', '2001-08-10'),
    ('Guilherme Lima', 'guilherme.lima@example.com', '11914141414', '12345678963', '2002-09-30'),
    ('Natália Santos', 'natalia.santos@example.com', '11915151515', '98765432164', '2003-10-22'),
    ('Rafael Moreira', 'rafael.moreira@example.com', '11916161616', '12345678965', '2004-11-15'),
    ('Fernanda Vieira', 'fernanda.vieira@example.com', '11917171717', '98765432166', '2005-12-07'),
    ('Carlos Eduardo', 'carlos.eduardo@example.com', '11918181818', '12345678967', '2006-01-20'),
    ('Tatiane Mendes', 'tatiane.mendes@example.com', '11919191919', '98765432168', '2007-02-12'),
    ('Bruno Oliveira', 'bruno.oliveira@example.com', '11920202020', '12345678969', '2008-03-25'),
    ('Larissa Ramos', 'larissa.ramos@example.com', '11921212121', '98765432170', '2009-04-18'),
    ('Eduardo Silva', 'eduardo.silva@example.com', '11922222222', '12345678971', '2010-05-15'),
    ('Letícia Almeida', 'leticia.almeida@example.com', '11923232323', '98765432172', '2011-06-30'),
    ('Victor Gonçalves', 'victor.goncalves@example.com', '11924242424', '12345678973', '2012-07-28'),
    ('Jéssica Fernandes', 'jessica.fernandes@example.com', '11925252525', '98765432174', '2013-08-12'),
    ('Diego Ribeiro', 'diego.ribeiro@example.com', '11926262626', '12345678975', '2014-09-05'),
    ('Priscila Costa', 'priscila.costa@example.com', '11927272727', '98765432176', '2015-10-30'),
    ('Leonardo Nascimento', 'leonardo.nascimento@example.com', '11928282828', '12345678977', '2016-11-22'),
    ('Tainá Martins', 'taina.martins@example.com', '11929292929', '98765432178', '2017-12-03'),
    ('Andressa Pereira', 'andressa.pereira@example.com', '11930303030', '12345678979', '2018-01-25'),
    ('Alexandre Almeida', 'alexandre.almeida@example.com', '11931313131', '98765432180', '2019-02-15'),
    ('Lorena Rocha', 'lorena.rocha@example.com', '11932323232', '12345678981', '2020-03-18');

INSERT INTO endereco (pessoa_id, rua, numero, cep, complemento, sigla_estado, cidade)
VALUES
    (1, 'Rua A', '100', '01001000', NULL, 'SP', 'São Paulo'),
    (2, 'Rua B', '200', '02002000', NULL, 'RJ', 'Rio de Janeiro'),
    (3, 'Rua C', '300', '03003000', 'Casa 303', 'MG', 'Belo Horizonte'),
    (4, 'Rua D', '400', '04004000', 'Casa 404', 'BA', 'Salvador'),
    (5, 'Rua E', '500', '05005000', 'Casa 505', 'PR', 'Curitiba'),
    (6, 'Rua F', '600', '06006000', NULL, 'RS', 'Porto Alegre'),
    (7, 'Rua G', '700', '07007000', NULL, 'SP', 'São Paulo'),
    (8, 'Rua H', '800', '08008000', 'Casa 808', 'ES', 'Vitória'),
    (9, 'Rua I', '900', '09009000', 'Casa 909', 'SC', 'Florianópolis'),
    (10, 'Rua J', '1000', '10010000', 'Apto 1010', 'DF', 'Brasília'),
    (11, 'Rua K', '1100', '11011000', 'Casa 1101', 'SP', 'São Paulo'),
    (11, 'Av. Principal', '5', '11012000', 'Cobertura', 'SP', 'São Paulo'),
    (12, 'Rua L', '1200', '12012000', 'Casa 1201', 'RJ', 'Niterói'),
    (12, 'Alameda das Flores', '45', '12013000', 'Apto 12', 'RJ', 'Niterói'),
    (13, 'Rua M', '1300', '13013000', 'Casa 1301', 'MG', 'Uberlândia'),
    (14, 'Rua N', '1400', '14014000', NULL, 'RS', 'Caxias do Sul'),
    (15, 'Rua O', '1500', '15015000', 'Casa 1501', 'PR', 'Londrina'),
    (16, 'Rua P', '1600', '16016000', 'Casa 1601', 'SC', 'Joinville'),
    (17, 'Rua Q', '1700', '17017000', NULL, 'BA', 'Feira de Santana'),
    (18, 'Rua R', '1800', '18018000', 'Casa 1801', 'GO', 'Goiânia'),
    (19, 'Rua S', '1900', '19019000', NULL, 'PE', 'Recife'),
    (20, 'Rua T', '2000', '20020000', 'Casa 2001', 'PA', 'Belém'),
    (21, 'Rua U', '2100', '21021000', 'Apto 2101', 'SP', 'São Paulo'),
    (22, 'Rua V', '2200', '22022000', NULL, 'RJ', 'Rio de Janeiro'),
    (23, 'Rua W', '2300', '23023000', 'Casa 2301', 'MG', 'Belo Horizonte'),
    (24, 'Rua X', '2400', '24024000', NULL, 'BA', 'Salvador'),
    (25, 'Rua Y', '2500', '25025000', 'Apto 2501', 'PR', 'Curitiba'),
    (26, 'Rua Z', '2600', '26026000', NULL, 'RS', 'Porto Alegre'),
    (27, 'Rua AA', '2700', '27027000', 'Casa 2701', 'SP', 'São Paulo'),
    (28, 'Rua AB', '2800', '28028000', NULL, 'ES', 'Vitória'),
    (29, 'Rua AC', '2900', '29029000', 'Apto 2901', 'SC', 'Florianópolis'),
    (30, 'Rua AD', '3000', '30030000', NULL, 'DF', 'Brasília'),
    (31, 'Rua AE', '3100', '31031000', 'Casa 3101', 'SP', 'São Paulo'),
    (32, 'Rua AF', '3200', '32032000', NULL, 'RJ', 'Niterói'),
    (33, 'Rua AG', '3300', '33033000', 'Apto 3301', 'MG', 'Uberlândia'),
    (34, 'Rua AH', '3400', '34034000', NULL, 'RS', 'Caxias do Sul'),
    (35, 'Rua AI', '3500', '35035000', 'Casa 3501', 'PR', 'Londrina'),
    (36, 'Rua AJ', '3600', '36036000', NULL, 'SC', 'Joinville'),
    (37, 'Rua AK', '3700', '37037000', 'Apto 3701', 'BA', 'Feira de Santana'),
    (38, 'Rua AL', '3800', '38038000', NULL, 'GO', 'Goiânia'),
    (39, 'Rua AM', '3900', '39039000', 'Casa 3901', 'PE', 'Recife'),
    (40, 'Rua AN', '4000', '40040000', NULL, 'PA', 'Belém'),
    (41, 'Rua AO', '4100', '41041000', 'Apto 4101', 'SP', 'São Paulo'),
    (42, 'Rua AP', '4200', '42042000', NULL, 'RJ', 'Rio de Janeiro'),
    (43, 'Rua AQ', '4300', '43043000', 'Casa 4301', 'MG', 'Belo Horizonte'),
    (44, 'Rua AR', '4400', '44044000', NULL, 'BA', 'Salvador'),
    (45, 'Rua AS', '4500', '45045000', 'Apto 4501', 'PR', 'Curitiba'),
    (46, 'Rua AT', '4600', '46046000', NULL, 'RS', 'Porto Alegre'),
    (47, 'Rua AU', '4700', '47047000', 'Casa 4701', 'SP', 'São Paulo'),
    (48, 'Rua AV', '4800', '48048000', NULL, 'ES', 'Vitória'),
    (49, 'Rua AW', '4900', '49049000', 'Apto 4901', 'SC', 'Florianópolis'),
    (50, 'Rua AX', '5000', '50050000', NULL, 'DF', 'Brasília'),
    (51, 'Rua AY', '5100', '51051000', 'Casa 5101', 'SP', 'São Paulo'),
    (52, 'Rua AZ', '5200', '52052000', NULL, 'RJ', 'Niterói'),
    (53, 'Rua BA', '5300', '53053000', 'Apto 5301', 'MG', 'Uberlândia'),
    (54, 'Rua BB', '5400', '54054000', NULL, 'RS', 'Caxias do Sul'),
    (55, 'Rua BC', '5500', '55055000', 'Casa 5501', 'PR', 'Londrina'),
    (56, 'Rua BD', '5600', '56056000', NULL, 'SC', 'Joinville'),
    (57, 'Rua BE', '5700', '57057000', 'Apto 5701', 'BA', 'Feira de Santana'),
    (58, 'Rua BF', '5800', '58058000', NULL, 'GO', 'Goiânia'),
    (59, 'Rua BG', '5900', '59059000', 'Casa 5901', 'PE', 'Recife'),
    (60, 'Rua BH', '6000', '60060000', NULL, 'PA', 'Belém'),
    (61, 'Rua A1', '100', '12345000', NULL, 'SP', 'São Paulo'),
    (62, 'Rua B1', '200', '22345000', NULL, 'RJ', 'Rio de Janeiro'),
    (63, 'Rua C1', '300', '32345000', 'Apto 3', 'MG', 'Belo Horizonte'),
    (64, 'Rua D1', '400', '42345000', 'Casa 4', 'BA', 'Salvador'),
    (65, 'Rua E1', '500', '52345000', NULL, 'PR', 'Curitiba'),
    (66, 'Rua F1', '600', '62345000', 'Apto 6', 'RS', 'Porto Alegre'),
    (67, 'Rua G1', '700', '72345000', NULL, 'SP', 'São Paulo'),
    (68, 'Rua H1', '800', '82345000', NULL, 'ES', 'Vitória'),
    (69, 'Rua I1', '900', '92345000', 'Apto 9', 'SC', 'Florianópolis'),
    (70, 'Rua J1', '1000', '10234500', NULL, 'DF', 'Brasília'),
    (71, 'Rua K1', '1100', '11234500', NULL, 'SP', 'São Paulo'),
    (72, 'Rua L1', '1200', '12234500', NULL, 'RJ', 'Niterói'),
    (73, 'Rua M1', '1300', '13234500', NULL, 'MG', 'Uberlândia'),
    (74, 'Rua N1', '1400', '14234500', NULL, 'RS', 'Caxias do Sul'),
    (75, 'Rua O1', '1500', '15234500', 'Apto 15', 'PR', 'Londrina'),
    (76, 'Rua P1', '1600', '16234500', NULL, 'SC', 'Joinville'),
    (77, 'Rua Q1', '1700', '17234500', NULL, 'BA', 'Feira de Santana'),
    (78, 'Rua R1', '1800', '18234500', NULL, 'GO', 'Goiânia'),
    (79, 'Rua S1', '1900', '19234500', NULL, 'PE', 'Recife'),
    (80, 'Rua T1', '2000', '20234500', NULL, 'PA', 'Belém'),
    (81, 'Rua U1', '2100', '21234500', NULL, 'SP', 'São Paulo'),
    (82, 'Rua V1', '2200', '22234500', NULL, 'RJ', 'Rio de Janeiro'),
    (83, 'Rua W1', '2300', '23234500', NULL, 'MG', 'Belo Horizonte'),
    (84, 'Rua X1', '2400', '24234500', NULL, 'BA', 'Salvador'),
    (85, 'Rua Y1', '2500', '25234500', NULL, 'PR', 'Curitiba'),
    (86, 'Rua Z1', '2600', '26234500', 'Casa 26', 'RS', 'Porto Alegre'),
    (87, 'Rua AA1', '2700', '27234500', NULL, 'SP', 'São Paulo'),
    (88, 'Rua AB1', '2800', '28234500', NULL, 'ES', 'Vitória'),
    (89, 'Rua AC1', '2900', '29234500', NULL, 'SC', 'Florianópolis'),
    (90, 'Rua AD1', '3000', '30234500', NULL, 'DF', 'Brasília'),
    (91, 'Rua AE1', '3100', '31234500', NULL, 'SP', 'São Paulo'),
    (92, 'Rua AF1', '3200', '32234500', NULL, 'RJ', 'Niterói');

INSERT INTO departamento (nome_departamento)
VALUES
    ('Ciências Exatas'),
    ('Ciências Humanas e Sociais'),
    ('Linguagens, Letras e Artes'),
    ('Ciências Biológicas e da Saúde'),
    ('Ciências Agrárias');

INSERT INTO professor (pessoa_id, departamento_id, data_contratacao)
VALUES
    -- Professores do Departamento de Ciências Exatas
    (1, 1, '2010-03-01'),
    (11, 1, '2020-01-15'),
    (14, 1, '2022-02-05'),
    (21, 1, '2010-07-01'),
    (26, 1, '2015-12-05'),
    (31, 1, '2020-05-10'),
    (36, 1, '2025-10-05'),
    (41, 1, '2030-03-10'),
    (46, 1, '2035-08-05'),
    (51, 1, '2040-01-10'),

    -- Professores do Departamento de Ciências Humanas e Sociais
    (2, 2, '2011-04-15'),
    (6, 2, '2015-03-01'),
    (7, 2, '2016-04-15'),
    (8, 2, '2017-05-20'),
    (9, 2, '2018-06-25'),
    (10, 2, '2019-07-10'),
    (12, 2, '2021-03-10'),
    (15, 2, '2021-09-18'),
    (22, 2, '2011-08-15'),
    (27, 2, '2016-01-10'),

    -- Professores do Departamento de Linguagens, Letras e Artes
    (3, 3, '2012-05-20'),
    (13, 3, '2020-11-25'),
    (23, 3, '2012-09-20'),
    (28, 3, '2017-02-15'),
    (33, 3, '2022-07-20'),
    (38, 3, '2027-12-15'),
    (43, 3, '2032-05-20'),
    (48, 3, '2037-10-15'),
    (53, 3, '2042-03-20'),
    (58, 3, '2047-08-15'),

    -- Professores do Departamento de Ciências Biológicas e da Saúde
    (4, 4, '2013-06-25'),
    (24, 4, '2013-10-25'),
    (29, 4, '2018-03-20'),
    (34, 4, '2023-08-25'),
    (39, 4, '2028-01-20'),
    (44, 4, '2033-06-25'),
    (49, 4, '2038-11-20'),
    (54, 4, '2043-04-25'),
    (59, 4, '2048-09-20'),

    -- Professores do Departamento de Ciências Agrárias
    (5, 5, '2014-07-10'),
    (25, 5, '2014-11-10'),
    (30, 5, '2019-04-25'),
    (35, 5, '2024-09-10'),
    (40, 5, '2029-02-25'),
    (45, 5, '2034-07-10'),
    (50, 5, '2039-12-25'),
    (55, 5, '2044-05-10'),
    (60, 5, '2049-10-25');


INSERT INTO curso (nome_curso, professor_coordenador_id, departamento_id)
VALUES
    -- Cursos do Departamento de Ciências Exatas
    ('Matemática', 1, 1),
    ('Física', 3, 1),
    ('Química', 5, 1),
    ('Estatística', 6, 1),
    ('Ciência da Computação', 8, 1),

    -- Cursos do Departamento de Ciências Humanas e Sociais
    ('História', 11, 2),
    ('Geografia', 14, 2),
    ('Filosofia', 12, 2),
    ('Sociologia', 13, 2),
    ('Antropologia', 15, 2),
    ('Ciências Políticas', 16, 2),
    ('Psicologia', 17, 2),
    ('Serviço Social', 18, 2),

    -- Cursos do Departamento de Linguagens, Letras e Artes
    ('Letras', 21, 3),
    ('Linguística', 24, 3),
    ('Artes', 23, 3),
    ('Estudos Literários', 25, 3),
    ('Tradução e Interpretação', 27, 3),

    -- Cursos do Departamento de Ciências Biológicas e da Saúde
    ('Biologia', 34, 4),
    ('Bioquímica', 33, 4),
    ('Medicina', 31, 4),
    ('Enfermagem', 35, 4),
    ('Farmácia', 32, 4),
    ('Odontologia', 36, 4),
    ('Nutrição', 37, 4),
    ('Educação Física', 38, 4),
    ('Veterinária', 39, 4),

    -- Cursos do Departamento de Ciências Agrárias
    ('Agronomia', 41, 5),
    ('Zootecnia', 43, 5),
    ('Engenharia Florestal', 45, 5),
    ('Engenharia Agrícola', 47, 5);

INSERT INTO discente (pessoa_id, registro_academico, data_ingresso, status_discente, curso_id)
VALUES
    (66, '2010.1.08.001', '2010-02-10', 'Ativa', 1),
    (67, '2011.1.08.002', '2011-02-15', 'Concluida', 2),
    (68, '2012.1.08.003', '2012-02-12', 'Ativa', 3),
    (69, '2013.1.08.004', '2013-06-05', 'Trancada', 4),
    (70, '2014.1.08.005', '2014-02-10', 'Concluida', 5),
    (71, '2015.1.08.006', '2015-06-15', 'Ativa', 1),
    (72, '2016.1.08.007', '2016-06-20', 'Trancada', 2),
    (73, '2017.1.08.008', '2017-06-10', 'Ativa', 3),
    (74, '2018.1.08.009', '2018-02-02', 'Concluida', 4),
    (75, '2019.1.08.010', '2019-02-05', 'Ativa', 5),
    (76, '2020.1.08.011', '2020-03-10', 'Ativa', 6),
    (77, '2021.1.08.012', '2021-04-12', 'Ativa', 7),
    (2, '2020.2.08.013', '2020-09-15', 'Trancada', 8),
    (79, '2022.1.08.014', '2022-02-20', 'Ativa', 9),
    (80, '2021.2.08.015', '2021-07-25', 'Concluida', 10),
    (5, '2020.1.08.016', '2020-03-10', 'Ativa', 6),
    (82, '2021.1.08.017', '2021-04-12', 'Ativa', 7),
    (83, '2020.2.08.018', '2020-09-15', 'Trancada', 8),
    (6, '2022.1.08.019', '2022-02-20', 'Ativa', 9),
    (7, '2021.2.08.020', '2021-07-25', 'Concluida', 10),
    (86, '2022.1.08.021', '2022-02-15', 'Ativa', 1),
    (87, '2023.1.08.022', '2023-03-20', 'Concluida', 2),
    (88, '2023.2.08.023', '2023-08-25', 'Ativa', 3),
    (89, '2024.1.08.024', '2024-02-10', 'Trancada', 4),
    (90, '2024.2.08.025', '2024-09-15', 'Ativa', 5),
    (91, '2025.1.08.026', '2025-03-01', 'Concluida', 6),
    (92, '2025.2.08.027', '2025-10-10', 'Ativa', 7);

INSERT INTO disciplina (nome_disciplina, carga_horaria, valor_mensal, professor_id)
VALUES
    ('Cálculo Diferencial', 60, 500.00, 1),
    ('Álgebra Linear', 60, 520.00, 1),
    ('Geometria Analítica', 60, 540.00, 1),
    ('Estatística Aplicada', 60, 550.00, 11),
    ('Análise Real', 60, 580.00, 1),
    ('Cálculo Numérico', 60, 600.00, 14),
    ('Teoria dos Números', 60, 620.00, 1),
    ('Matemática Discreta', 60, 640.00, 11),
    ('Álgebra Abstrata', 60, 650.00, 14),
    ('Probabilidade', 60, 660.00, 1),
    ('Banco de Dados', 60, 700.00, 9),
    ('Sistemas Operacionais', 60, 680.00, 9),
    ('Redes de Computadores', 60, 720.00, 9),
    ('Engenharia de Software', 60, 750.00, 10),
    ('Qualidade de Software', 60, 760.00, 10),
    ('Arquitetura de Software', 60, 770.00, 10),
    ('Teoria de Compiladores', 60, 710.00, 11),
    ('Complexidade de Algoritmos', 60, 690.00, 11),
    ('Fundamentos de Lógica Computacional', 60, 680.00, 11),
    ('Inteligência Artificial', 60, 800.00, 12),
    ('Aprendizado de Máquina', 60, 850.00, 12),
    ('Visão Computacional', 60, 870.00, 12),
    ('Processamento de Linguagem Natural', 60, 890.00, 12),
    ('Computação Gráfica', 60, 820.00, 13),
    ('Design de Interação', 60, 790.00, 13),
    ('Jogos Digitais', 60, 850.00, 13),
    ('Segurança da Informação', 60, 810.00, 14),
    ('Criptografia e Segurança de Redes', 60, 880.00, 14),
    ('Computação em Nuvem', 60, 840.00, 15),
    ('Big Data e Análise de Dados', 60, 870.00, 15),
    ('Computação Paralela e Distribuída', 60, 900.00, 15),
    ('Internet das Coisas', 60, 880.00, 15),
    ('Desenvolvimento Mobile', 60, 850.00, 15),
    ('Robótica', 60, 910.00, 16),
    ('Computação Quântica', 60, 950.00, 16),

    ('Mecânica Clássica', 60, 550.00, 11),
    ('Eletromagnetismo', 60, 580.00, 14),
    ('Física Quântica', 60, 600.00, 1),
    ('Termodinâmica', 60, 650.00, 11),
    ('Óptica', 60, 670.00, 14),
    ('Relatividade Especial', 60, 700.00, 1),
    ('Física Estatística', 60, 750.00, 11),
    ('Física Experimental I', 60, 770.00, 14),
    ('Física Experimental II', 60, 800.00, 1),
    ('Astrofísica', 60, 850.00, 11),

    ('Química Orgânica', 60, 600.00, 3),
    ('Química Inorgânica', 60, 620.00, 3),
    ('Fisico-Química', 60, 640.00, 3),
    ('Química Analítica', 60, 660.00, 3),
    ('Bioquímica', 60, 680.00, 3),
    ('Química Ambiental', 60, 700.00, 3),
    ('Química dos Materiais', 60, 720.00, 3),
    ('Química Medicinal', 60, 740.00, 3),
    ('Métodos Instrumentais', 60, 760.00, 3),
    ('Química Industrial', 60, 780.00, 3),

    ('Biologia Celular', 60, 650.00, 4),
    ('Genética', 60, 670.00, 4),
    ('Microbiologia', 60, 690.00, 4),
    ('Zoologia', 60, 710.00, 4),
    ('Botânica', 60, 730.00, 4),
    ('Ecologia', 60, 750.00, 4),
    ('Fisiologia Animal', 60, 770.00, 4),
    ('Fisiologia Vegetal', 60, 790.00, 4),
    ('Biologia Evolutiva', 60, 810.00, 4),
    ('Biotecnologia', 60, 830.00, 4),

    ('História Antiga', 60, 700.00, 5),
    ('História Medieval', 60, 720.00, 5),
    ('História Moderna', 60, 740.00, 5),
    ('História Contemporânea', 60, 760.00, 12),
    ('História do Brasil Colonial', 60, 780.00, 5),
    ('História do Brasil Império', 60, 800.00, 12),
    ('História da América Latina', 60, 820.00, 5),
    ('História do Oriente Médio', 60, 840.00, 12),
    ('História Cultural', 60, 860.00, 5),
    ('História Econômica', 60, 880.00, 12);

INSERT INTO horario (disciplina_id, dia_semana, horario_inicio, duracao, numero_sala)
VALUES
    -- Horários para "Cálculo Diferencial"
    (1, 'segunda', '08:00:00', 90, '101'),
    (1, 'quarta', '10:00:00', 90, '102'),

    -- Horários para "Álgebra Linear"
    (2, 'terça', '09:00:00', 90, '103'),
    (2, 'quinta', '11:00:00', 90, '104'),

    -- Horários para "Geometria Analítica"
    (3, 'sexta', '12:00:00', 90, '105'),
    (3, 'segunda', '14:00:00', 90, '106'),

    -- Horários para "Estatística Aplicada"
    (4, 'segunda', '15:00:00', 90, '107'),
    (4, 'quarta', '16:00:00', 90, '108'),

    -- Horários para "Análise Real"
    (5, 'terça', '08:00:00', 90, '109'),
    (5, 'quinta', '09:30:00', 90, '110'),

    -- Horários para "Cálculo Numérico"
    (6, 'sexta', '10:00:00', 90, '111'),
    (6, 'segunda', '12:00:00', 90, '112'),

    -- Horários para "Teoria dos Números"
    (7, 'segunda', '13:00:00', 90, '113'),
    (7, 'quarta', '14:30:00', 90, '114'),

    -- Horários para "Matemática Discreta"
    (8, 'terça', '15:00:00', 90, '115'),
    (8, 'quinta', '16:00:00', 90, '116'),

    -- Horários para "Álgebra Abstrata"
    (9, 'sexta', '08:00:00', 90, '117'),
    (9, 'segunda', '10:00:00', 90, '118'),

    -- Horários para "Probabilidade"
    (10, 'segunda', '11:00:00', 90, '119'),
    (10, 'quarta', '12:30:00', 90, '120'),

    -- Horários para "Mecânica Clássica"
    (11, 'terça', '14:00:00', 90, '201'),
    (11, 'quinta', '15:30:00', 90, '202'),

    -- Horários para "Eletromagnetismo"
    (12, 'sexta', '16:00:00', 90, '203'),
    (12, 'segunda', '17:30:00', 90, '204'),

    -- Horários para "Física Quântica"
    (13, 'segunda', '08:00:00', 90, '205'),
    (13, 'quarta', '09:30:00', 90, '206'),

    -- Horários para "Termodinâmica"
    (14, 'terça', '10:00:00', 90, '207'),
    (14, 'quinta', '11:30:00', 90, '208'),

    -- Horários para "Óptica"
    (15, 'sexta', '12:00:00', 90, '209'),
    (15, 'segunda', '13:30:00', 90, '210'),

    -- Horários para "Relatividade Especial"
    (16, 'segunda', '14:00:00', 90, '211'),
    (16, 'quarta', '15:30:00', 90, '212'),

    -- Horários para "Física Estatística"
    (17, 'terça', '16:00:00', 90, '213'),
    (17, 'quinta', '17:30:00', 90, '214'),

    -- Horários para "Física Experimental I"
    (18, 'sexta', '08:00:00', 90, '215'),
    (18, 'segunda', '09:30:00', 90, '216'),

    -- Horários para "Física Experimental II"
    (19, 'segunda', '10:00:00', 90, '217'),
    (19, 'quarta', '11:30:00', 90, '218'),

    -- Horários para "Astrofísica"
    (20, 'terça', '12:00:00', 90, '219'),
    (20, 'quinta', '13:30:00', 90, '220'),

    -- Horários para "Química Orgânica"
    (21, 'segunda', '14:00:00', 90, '301'),
    (21, 'quarta', '15:30:00', 90, '302'),

-- Horários para "Química Inorgânica"
    (22, 'terça', '16:00:00', 90, '303'),
    (22, 'quinta', '17:30:00', 90, '304'),

-- Horários para "Fisico-Química"
    (23, 'sexta', '08:00:00', 90, '305'),
    (23, 'segunda', '09:30:00', 90, '306'),

-- Horários para "Química Analítica"
    (24, 'segunda', '10:00:00', 90, '307'),
    (24, 'quarta', '11:30:00', 90, '308'),

-- Horários para "Bioquímica"
    (25, 'terça', '12:00:00', 90, '309'),
    (25, 'quinta', '13:30:00', 90, '310'),

-- Horários para "Química Ambiental"
    (26, 'sexta', '14:00:00', 90, '311'),
    (26, 'segunda', '15:30:00', 90, '312'),

-- Horários para "Química dos Materiais"
    (27, 'segunda', '16:00:00', 90, '313'),
    (27, 'quarta', '17:30:00', 90, '314'),

-- Horários para "Química Medicinal"
    (28, 'terça', '08:00:00', 90, '315'),
    (28, 'quinta', '09:30:00', 90, '316'),

-- Horários para "Métodos Instrumentais"
    (29, 'sexta', '10:00:00', 90, '317'),
    (29, 'segunda', '11:30:00', 90, '318'),

-- Horários para "Química Industrial"
    (30, 'segunda', '12:00:00', 90, '319'),
    (30, 'quarta', '13:30:00', 90, '320'),

    -- Horários para "Biologia Celular"
    (31, 'terça', '14:00:00', 90, '401'),
    (31, 'quinta', '15:30:00', 90, '402'),

-- Horários para "Genética"
    (32, 'sexta', '16:00:00', 90, '403'),
    (32, 'segunda', '17:30:00', 90, '404'),

-- Horários para "Microbiologia"
    (33, 'segunda', '08:00:00', 90, '405'),
    (33, 'quarta', '09:30:00', 90, '406'),

-- Horários para "Zoologia"
    (34, 'terça', '10:00:00', 90, '407'),
    (34, 'quinta', '11:30:00', 90, '408'),

-- Horários para "Botânica"
    (35, 'sexta', '12:00:00', 90, '409'),
    (35, 'segunda', '13:30:00', 90, '410'),

-- Horários para "Ecologia"
    (36, 'segunda', '14:00:00', 90, '411'),
    (36, 'quarta', '15:30:00', 90, '412'),

-- Horários para "Fisiologia Animal"
    (37, 'terça', '16:00:00', 90, '413'),
    (37, 'quinta', '17:30:00', 90, '414'),

-- Horários para "Fisiologia Vegetal"
    (38, 'sexta', '08:00:00', 90, '415'),
    (38, 'segunda', '09:30:00', 90, '416'),

-- Horários para "Biologia Evolutiva"
    (39, 'segunda', '10:00:00', 90, '417'),
    (39, 'quarta', '11:30:00', 90, '418'),

-- Horários para "Biotecnologia"
    (40, 'terça', '12:00:00', 90, '419'),
    (40, 'quinta', '13:30:00', 90, '420'),

    -- Horários para "História Antiga"
    (41, 'segunda', '08:00:00', 90, '501'),
    (41, 'quarta', '09:30:00', 90, '502'),

-- Horários para "História Medieval"
    (42, 'terça', '10:00:00', 90, '503'),
    (42, 'quinta', '11:30:00', 90, '504'),

-- Horários para "História Moderna"
    (43, 'sexta', '12:00:00', 90, '505'),
    (43, 'segunda', '13:30:00', 90, '506'),

-- Horários para "História Contemporânea"
    (44, 'segunda', '14:00:00', 90, '507'),
    (44, 'quarta', '15:30:00', 90, '508'),

-- Horários para "História do Brasil Colonial"
    (45, 'terça', '16:00:00', 90, '509'),
    (45, 'quinta', '17:30:00', 90, '510'),

-- Horários para "História do Brasil Império"
    (46, 'sexta', '08:00:00', 90, '511'),
    (46, 'segunda', '09:30:00', 90, '512'),

-- Horários para "História da América Latina"
    (47, 'segunda', '10:00:00', 90, '513'),
    (47, 'quarta', '11:30:00', 90, '514'),

-- Horários para "História do Oriente Médio"
    (48, 'terça', '12:00:00', 90, '515'),
    (48, 'quinta', '13:30:00', 90, '516'),

-- Horários para "História Cultural"
    (49, 'sexta', '14:00:00', 90, '517'),
    (49, 'segunda', '15:30:00', 90, '518'),

-- Horários para "História Econômica"
    (50, 'segunda', '16:00:00', 90, '519'),
    (50, 'quarta', '17:30:00', 90, '520');


-- 9. Inserir dados na tabela professor_curso
INSERT INTO professor_curso (professor_id, curso_id, data_ingresso)
VALUES
    (1, 1, '2010-03-01'),
    (2, 2, '2011-04-15'),
    (3, 3, '2012-05-20'),
    (4, 4, '2013-06-25'),
    (5, 5, '2014-07-10'),
    (6, 6, '2015-08-15'),
    (7, 7, '2016-09-20'),
    (8, 8, '2017-10-25'),
    (9, 9, '2018-11-30'),
    (10, 10, '2019-12-05');

-- 10. Inserir dados na tabela matricula
INSERT INTO matricula (discente_id, disciplina_id, ano_matricula, semestre)
VALUES
    (1, 1,  2020, 1),
    (2, 2,  2020, 2),
    (3, 3, 2020, 1),
    (4, 4, 2020, 2),
    (5, 5,  2021, 1),
    (6, 6, 2021, 2),
    (7, 7,  2021, 1),
    (8, 8,  2021, 2),
    (9, 9,  2021, 1),
    (10, 10,  2021, 2);

-- 11. Inserir dados na tabela avaliacoes
INSERT INTO avaliacao (matricula_id, nota, peso)
VALUES
    (1, 8.5, 0.8),
    (2, 9.0, 0.9),
    (3, 7.5, 0.85),
    (4, 6.0, 0.75),
    (5, 8.0, 0.8),
    (6, 9.5, 0.95),
    (7, 7.0, 0.7),
    (8, 9.0, 0.9),
    (9, 6.5, 0.65),
    (10, 8.0, 0.8);

-- Inserir pagamentos para discente_id=1
INSERT INTO pagamento (discente_id, data_vencimento, data_pagamento, valor, status_pagamento)
VALUES
    (1, '2024-02-15', '2024-02-10', 620.00, 'pago'),
    (1, '2024-03-15', '2024-03-10', 580.00, 'pago'),
    (1, '2024-04-15', '2024-04-10', 600.00, 'pago'),
    (1, '2024-05-15', '2024-05-10', 650.00, 'pago'),
    (1, '2024-06-15', '2024-06-10', 590.00, 'pago'),
    (1, '2024-07-15', '2024-07-10', 600.00, 'pago'),
    (1, '2024-08-15', '2024-08-10', 610.00, 'pago'),
    (1, '2024-09-15', '2024-09-10', 605.00, 'pago'),
    (1, '2024-10-15', '2024-10-10', 615.00, 'pago'),
    (1, '2024-11-15', '2024-11-10', 590.00, 'pago'),
    (1, '2024-12-15', NULL, 600.00, 'pendente');

-- Inserir pagamentos para discente_id=2
INSERT INTO pagamento (discente_id, data_vencimento, data_pagamento, valor, status_pagamento)
VALUES
    (2, '2024-02-15', '2024-02-10', 600.00, 'pago'),
    (2, '2024-03-15', '2024-03-10', 620.00, 'pago'),
    (2, '2024-04-15', '2024-04-10', 580.00, 'pago'),
    (2, '2024-05-15', '2024-05-10', 600.00, 'pago'),
    (2, '2024-06-15', '2024-06-10', 640.00, 'pago'),
    (2, '2024-07-15', '2024-07-10', 590.00, 'pago'),
    (2, '2024-08-15', '2024-08-10', 610.00, 'pago'),
    (2, '2024-09-15', '2024-09-10', 600.00, 'pago'),
    (2, '2024-10-15', '2024-10-10', 600.00, 'pago'),
    (2, '2024-11-15', '2024-11-10', 600.00, 'pago'),
    (2, '2024-12-15', NULL, 620.00, 'pendente');

-- Inserir pagamento para discente_id=3
INSERT INTO pagamento (discente_id, data_vencimento, data_pagamento, valor, status_pagamento)
VALUES
    (3, '2024-02-15', '2024-02-10', 610.00, 'pago'),
    (3, '2024-03-15', '2024-03-10', 590.00, 'pago'),
    (3, '2024-04-15', '2024-04-10', 600.00, 'pago'),
    (3, '2024-05-15', '2024-05-10', 630.00, 'pago'),
    (3, '2024-06-15', '2024-06-10', 610.00, 'pago'),
    (3, '2024-07-15', '2024-07-10', 600.00, 'pago'),
    (3, '2024-08-15', '2024-08-10', 620.00, 'pago'),
    (3, '2024-09-15', '2024-09-10', 605.00, 'pago'),
    (3, '2024-10-15', '2024-10-10', 615.00, 'pago'),
    (3, '2024-11-15', '2024-11-10', 600.00, 'pago'),
    (3, '2024-12-15', NULL, 600.00, 'pendente');

-- Inserir pagamento para discente_id=4
INSERT INTO pagamento (discente_id, data_vencimento, data_pagamento, valor, status_pagamento)
VALUES
    (4, '2024-02-15', '2024-02-10', 580.00, 'pago'),
    (4, '2024-03-15', '2024-03-10', 590.00, 'pago'),
    (4, '2024-04-15', '2024-04-10', 620.00, 'pago'),
    (4, '2024-05-15', '2024-05-10', 600.00, 'pago'),
    (4, '2024-06-15', '2024-06-10', 605.00, 'pago'),
    (4, '2024-07-15', '2024-07-10', 600.00, 'pago'),
    (4, '2024-08-15', '2024-08-10', 600.00, 'pago'),
    (4, '2024-09-15', '2024-09-10', 610.00, 'pago'),
    (4, '2024-10-15', '2024-10-10', 600.00, 'pago'),
    (4, '2024-11-15', '2024-11-10', 620.00, 'pago'),
    (4, '2024-12-15', '2024-10-10', 600.00, 'pago');


INSERT INTO pagamento (discente_id, data_vencimento, data_pagamento, valor, status_pagamento)
VALUES
    (5, '2024-02-15', '2024-02-10', 4500.00, 'pago'),
    (5, '2024-03-15', '2024-03-10', 4700.00, 'pago'),
    (5, '2024-04-15', '2024-04-10', 5000.00, 'pago'),
    (5, '2024-05-15', '2024-05-10', 5200.00, 'pago'),
    (5, '2024-06-15', '2024-06-10', 4800.00, 'pago'),
    (5, '2024-07-15', '2024-07-10', 4900.00, 'pago'),
    (5, '2024-08-15', '2024-08-10', 4600.00, 'pago'),
    (5, '2024-09-15', '2024-09-10', 5500.00, 'pago'),
    (5, '2024-10-15', '2024-10-10', 5100.00, 'pago'),
    (5, '2024-11-15', '2024-11-10', 4900.00, 'pago'),
    (5, '2024-12-15', '2024-10-10', 5000.00, 'pago');

-- Inserir pagamento para discente_id=6
INSERT INTO pagamento (discente_id, data_vencimento, data_pagamento, valor, status_pagamento)
VALUES
    (6, '2024-02-15', '2024-02-10', 6100.00, 'pago'),
    (6, '2024-03-15', '2024-03-10', 6200.00, 'pago'),
    (6, '2024-04-15', '2024-04-10', 6000.00, 'pago'),
    (6, '2024-05-15', '2024-05-10', 6300.00, 'pago'),
    (6, '2024-06-15', '2024-06-10', 6100.00, 'pago'),
    (6, '2024-07-15', '2024-07-10', 6500.00, 'pago'),
    (6, '2024-08-15', '2024-08-10', 6400.00, 'pago'),
    (6, '2024-09-15', '2024-09-10', 6200.00, 'pago'),
    (6, '2024-10-15', '2024-10-10', 6100.00, 'pago'),
    (6, '2024-11-15', '2024-11-10', 6200.00, 'pago'),
    (6, '2024-12-15', '2024-10-10', 6000.00, 'pago');

-- Inserir pagamento para discente_id=7
INSERT INTO pagamento (discente_id, data_vencimento, data_pagamento, valor, status_pagamento)
VALUES
    (7, '2024-02-15', '2024-02-10', 7000.00, 'pago'),
    (7, '2024-03-15', '2024-03-10', 6900.00, 'pago'),
    (7, '2024-04-15', '2024-04-10', 6800.00, 'pago'),
    (7, '2024-05-15', '2024-05-10', 6700.00, 'pago'),
    (7, '2024-06-15', '2024-06-10', 6600.00, 'pago'),
    (7, '2024-07-15', '2024-07-10', 6800.00, 'pago'),
    (7, '2024-08-15', '2024-08-10', 6900.00, 'pago'),
    (7, '2024-09-15', '2024-09-10', 7100.00, 'pago'),
    (7, '2024-10-15', '2024-10-10', 7000.00, 'pago'),
    (7, '2024-11-15', '2024-11-10', 6900.00, 'pago'),
    (7, '2024-12-15', NULL, 7000.00, 'pendente');

-- Inserir pagamento para discente_id=8
INSERT INTO pagamento (discente_id, data_vencimento, data_pagamento, valor, status_pagamento)
VALUES
    (8, '2024-02-15', '2024-02-10', 4500.00, 'pago'),
    (8, '2024-03-15', '2024-03-10', 4700.00, 'pago'),
    (8, '2024-04-15', '2024-04-10', 4900.00, 'pago'),
    (8, '2024-05-15', '2024-05-10', 5000.00, 'pago'),
    (8, '2024-06-15', '2024-06-10', 5200.00, 'pago'),
    (8, '2024-07-15', '2024-07-10', 5100.00, 'pago'),
    (8, '2024-08-15', '2024-08-10', 5300.00, 'pago'),
    (8, '2024-09-15', '2024-09-10', 5000.00, 'pago'),
    (8, '2024-10-15', '2024-10-10', 5400.00, 'pago'),
    (8, '2024-11-15', '2024-11-10', 4900.00, 'pago'),
    (8, '2024-12-15', NULL, 5000.00, 'pendente');

-- Inserir pagamento para discente_id=9
INSERT INTO pagamento (discente_id, data_vencimento, data_pagamento, valor, status_pagamento)
VALUES
    (9, '2024-02-15', '2024-02-10', 600.00, 'pago'),
    (9, '2024-03-15', '2024-03-10', 600.00, 'pago'),
    (9, '2024-04-15', '2024-04-10', 600.00, 'pago'),
    (9, '2024-05-15', '2024-05-10', 600.00, 'pago'),
    (9, '2024-06-15', '2024-06-10', 600.00, 'pago'),
    (9, '2024-07-15', '2024-07-10', 600.00, 'pago'),
    (9, '2024-08-15', '2024-08-10', 600.00, 'pago'),
    (9, '2024-09-15', '2024-09-10', 600.00, 'pago'),
    (9, '2024-10-15', '2024-10-10', 600.00, 'pago'),
    (9, '2024-11-15', '2024-11-10', 600.00, 'pago'),
    (9, '2024-12-15', '2024-10-10', 600.00, 'pago');

-- Inserir pagamento para discente_id=10
INSERT INTO pagamento (discente_id, data_vencimento, data_pagamento, valor, status_pagamento)
VALUES
    (10, '2024-02-15', '2024-02-10', 600.00, 'pago'),
    (10, '2024-03-15', '2024-03-10', 600.00, 'pago'),
    (10, '2024-04-15', '2024-04-10', 600.00, 'pago'),
    (10, '2024-05-15', '2024-05-10', 600.00, 'pago'),
    (10, '2024-06-15', '2024-06-10', 600.00, 'pago'),
    (10, '2024-07-15', '2024-07-10', 600.00, 'pago'),
    (10, '2024-08-15', '2024-08-10', 600.00, 'pago'),
    (10, '2024-09-15', '2024-09-10', 600.00, 'pago'),
    (10, '2024-10-15', '2024-10-10', 600.00, 'pago'),
    (10, '2024-11-15', '2024-11-10', 600.00, 'pago'),
    (10, '2024-12-15', NULL, 600.00, 'pendente'),

    (11, '2024-02-15', '2024-02-10', 600.00, 'pago'),
    (11, '2024-03-15', '2024-03-10', 600.00, 'pago'),
    (11, '2024-04-15', '2024-04-10', 600.00, 'pago'),
    (11, '2024-05-15', '2024-05-10', 600.00, 'pago'),
    (11, '2024-06-15', '2024-06-10', 600.00, 'pago'),
    (11, '2024-07-15', '2024-07-10', 600.00, 'pago'),
    (11, '2024-08-15', '2024-08-10', 600.00, 'pago'),
    (11, '2024-09-15', '2024-09-10', 600.00, 'pago'),
    (11, '2024-10-15', '2024-10-10', 600.00, 'pago'),
    (11, '2024-11-15', '2024-11-10', 600.00, 'pago'),
    (11, '2024-12-15', NULL, 600.00, 'pendente'),

    (12, '2024-02-15', '2024-02-10', 600.00, 'pago'),
    (12, '2024-03-15', '2024-03-10', 600.00, 'pago'),
    (12, '2024-04-15', '2024-04-10', 600.00, 'pago'),
    (12, '2024-05-15', '2024-05-10', 600.00, 'pago'),
    (12, '2024-06-15', '2024-06-10', 600.00, 'pago'),
    (12, '2024-07-15', '2024-07-10', 600.00, 'pago'),
    (12, '2024-08-15', '2024-08-10', 600.00, 'pago'),
    (12, '2024-09-15', '2024-09-10', 600.00, 'pago'),
    (12, '2024-10-15', '2024-10-10', 600.00, 'pago'),
    (12, '2024-11-15', '2024-11-10', 600.00, 'pago'),
    (12, '2024-12-15', NULL, 600.00, 'pendente'),

    -- Repetir para discentes 13 até 26
    (13, '2024-02-15', '2024-02-10', 600.00, 'pago'),
    (13, '2024-03-15', '2024-03-10', 600.00, 'pago'),
    (13, '2024-04-15', '2024-04-10', 600.00, 'pago'),
    (13, '2024-05-15', '2024-05-10', 600.00, 'pago'),
    (13, '2024-06-15', '2024-06-10', 600.00, 'pago'),
    (13, '2024-07-15', '2024-07-10', 600.00, 'pago'),
    (13, '2024-08-15', '2024-08-10', 600.00, 'pago'),
    (13, '2024-09-15', '2024-09-10', 600.00, 'pago'),
    (13, '2024-10-15', '2024-10-10', 600.00, 'pago'),
    (13, '2024-11-15', '2024-11-10', 600.00, 'pago'),
    (13, '2024-12-15', NULL, 600.00, 'pendente'),

    (14, '2024-02-15', '2024-02-10', 600.00, 'pago'),
    (14, '2024-03-15', '2024-03-10', 600.00, 'pago'),
    (14, '2024-04-15', '2024-04-10', 600.00, 'pago'),
    (14, '2024-05-15', '2024-05-10', 600.00, 'pago'),
    (14, '2024-06-15', '2024-06-10', 600.00, 'pago'),
    (14, '2024-07-15', '2024-07-10', 600.00, 'pago'),
    (14, '2024-08-15', '2024-08-10', 600.00, 'pago'),
    (14, '2024-09-15', '2024-09-10', 600.00, 'pago'),
    (14, '2024-10-15', '2024-10-10', 600.00, 'pago'),
    (14, '2024-11-15', '2024-11-10', 600.00, 'pago'),
    (14, '2024-12-15', NULL, 600.00, 'pendente'),

    (15, '2024-02-15', '2024-02-10', 600.00, 'pago'),
    (15, '2024-03-15', '2024-03-10', 600.00, 'pago'),
    (15, '2024-04-15', '2024-04-10', 600.00, 'pago'),
    (15, '2024-05-15', '2024-05-10', 600.00, 'pago'),
    (15, '2024-06-15', '2024-06-10', 600.00, 'pago'),
    (15, '2024-07-15', '2024-07-10', 600.00, 'pago'),
    (15, '2024-08-15', '2024-08-10', 600.00, 'pago'),
    (15, '2024-09-15', '2024-09-10', 600.00, 'pago'),
    (15, '2024-10-15', '2024-10-10', 600.00, 'pago'),
    (15, '2024-11-15', '2024-11-10', 600.00, 'pago'),
    (15, '2024-12-15', NULL, 600.00, 'pendente'),

    (16, '2024-02-15', '2024-02-10', 600.00, 'pago'),
    (16, '2024-03-15', '2024-03-10', 600.00, 'pago'),
    (16, '2024-04-15', '2024-04-10', 600.00, 'pago'),
    (16, '2024-05-15', '2024-05-10', 600.00, 'pago'),
    (16, '2024-06-15', '2024-06-10', 600.00, 'pago'),
    (16, '2024-07-15', '2024-07-10', 600.00, 'pago'),
    (16, '2024-08-15', '2024-08-10', 600.00, 'pago'),
    (16, '2024-09-15', '2024-09-10', 600.00, 'pago'),
    (16, '2024-10-15', '2024-10-10', 600.00, 'pago'),
    (16, '2024-11-15', '2024-11-10', 600.00, 'pago'),
    (16, '2024-12-15', NULL, 600.00, 'pendente'),

    (17, '2024-02-15', '2024-02-10', 600.00, 'pago'),
    (17, '2024-03-15', '2024-03-10', 600.00, 'pago'),
    (17, '2024-04-15', '2024-04-10', 600.00, 'pago'),
    (17, '2024-05-15', '2024-05-10', 600.00, 'pago'),
    (17, '2024-06-15', '2024-06-10', 600.00, 'pago'),
    (17, '2024-07-15', '2024-07-10', 600.00, 'pago'),
    (17, '2024-08-15', '2024-08-10', 600.00, 'pago'),
    (17, '2024-09-15', '2024-09-10', 600.00, 'pago'),
    (17, '2024-10-15', '2024-10-10', 600.00, 'pago'),
    (17, '2024-11-15', '2024-11-10', 600.00, 'pago'),
    (17, '2024-12-15', NULL, 600.00, 'pendente');

INSERT INTO curso_disciplina (curso_id, disciplina_id)
VALUES
    -- Departamento de Ciências Exatas
    (1, 1), (1, 2), (1, 3), (1, 4), (1, 5), (1, 6), (1, 7), (1, 8), (1, 9), (1, 10), -- Matemática
    (2, 11), (2, 12), (2, 13), (2, 14), (2, 15), (2, 16), (2, 17), (2, 18), (2, 19), (2, 20), -- Física
    (3, 21), (3, 22), (3, 23), (3, 24), (3, 25), (3, 26), (3, 27), (3, 28), (3, 29), (3, 30), -- Química
    (4, 4), (4, 10), -- Estatística Aplicada e Probabilidade para Estatística
    (5, 6), (5, 8), (5, 10), -- Cálculo Numérico, Matemática Discreta e Probabilidade para Ciência da Computação
    -- Disciplinas de Ciência da Computação para Ciência da Computação
    (5, 7),  -- Sistemas Operacionais
    (5, 9),  -- Engenharia de Software
    (5, 11), -- Arquitetura de Software
    (5, 12), -- Teoria de Compiladores
    (5, 13), -- Complexidade de Algoritmos
    (5, 14), -- Fundamentos de Lógica Computacional
    (5, 15), -- Inteligência Artificial
    (5, 16), -- Aprendizado de Máquina
    (5, 17), -- Visão Computacional
    (5, 18), -- Processamento de Linguagem Natural
    (5, 19), -- Computação Gráfica
    (5, 20), -- Design de Interação
    (5, 21), -- Jogos Digitais
    (5, 22), -- Segurança da Informação
    (5, 23), -- Criptografia e Segurança de Redes
    (5, 24), -- Computação em Nuvem
    (5, 25), -- Big Data e Análise de Dados
    (5, 26), -- Computação Paralela e Distribuída
    (5, 27), -- Internet das Coisas
    (5, 28), -- Desenvolvimento Mobile
    (5, 29), -- Robótica
    (5, 30), -- Computação Quântica
    (5, 31), -- Introdução à Ciência da Computação
    (5, 32), -- Estruturas de Dados
    (5, 33), -- Algoritmos Avançados
    (5, 34), -- Projeto Integrador

    -- Departamento de Ciências Humanas e Sociais
    (6, 41), (6, 42), (6, 43), (6, 44), (6, 45), (6, 46), (6, 47), (6, 48), (6, 49), (6, 50), -- História
    (7, 45), (7, 36), -- Geografia com História do Brasil Colonial e Ecologia
    (8, 41), (8, 43), (8, 49), -- Filosofia com História Antiga, Moderna e Cultural
    (9, 44), (9, 47), (9, 50), -- Sociologia com História Contemporânea, América Latina e Econômica
    (10, 36), (10, 38), -- Antropologia com Ecologia e Fisiologia Vegetal

    -- Departamento de Linguagens, Letras e Artes
    (11, 41), (11, 43), (11, 49), (11, 44), -- Letras
    (12, 41), (12, 43), (12, 44), -- Linguística
    (13, 48), (13, 49), (13, 50), -- Artes
    (14, 41), (14, 45), (14, 47), -- Estudos Literários
    (15, 42), (15, 48), (15, 50), -- Tradução e Interpretação

    -- Departamento de Ciências Biológicas e da Saúde
    (16, 31), (16, 32), (16, 33), (16, 34), (16, 35), (16, 36), (16, 37), (16, 38), (16, 39), (16, 40), -- Biologia
    (17, 25), (17, 21), (17, 33), -- Bioquímica com disciplinas de Química e Microbiologia
    (18, 31), (18, 32), (18, 37), (18, 40), -- Medicina com Biologia Celular, Genética e Fisiologia Animal
    (19, 31), (19, 37), (19, 39), -- Enfermagem com Biologia Celular e Biologia Evolutiva
    (20, 21), (20, 22), (20, 23), -- Farmácia com disciplinas de Química
    (21, 24), (21, 25), (21, 29), -- Odontologia com Química Analítica, Bioquímica e Métodos Instrumentais
    (22, 36), (22, 39), (22, 40), -- Nutrição com Ecologia, Biologia Evolutiva e Biotecnologia
    (23, 37), (23, 38), -- Educação Física com Fisiologia Animal e Vegetal
    (24, 34), (24, 38), -- Veterinária com Zoologia e Fisiologia Vegetal

    -- Departamento de Ciências Agrárias
    (25, 36), (25, 38), (25, 11), -- Agronomia com Ecologia, Fisiologia Vegetal e Mecânica Clássica
    (26, 34), (26, 36), (26, 11), -- Zootecnia com Zoologia, Ecologia e Mecânica Clássica
    (27, 11), (27, 12), -- Engenharia Florestal com Mecânica Clássica e Eletromagnetismo
    (28, 11), (28, 12), (28, 26), -- Engenharia Agrícola com Mecânica Clássica, Eletromagnetismo e Química Ambiental

    -- Cursos de áreas mistas
    (29, 36), (29, 37), (29, 44); -- Ciências Ambientais com Ecologia, Fisiologia Animal e História Contemporânea

INSERT INTO avaliacao_professor (discente_id, professor_id, nota_ensino, comentario, data_avaliacao)
VALUES
    -- Avaliações para professor_id=1
    (1, 1, 5, 'Ótimo professor, sempre claro.', '2023-05-01'),
    (2, 1, 4, 'Muito bom, mas poderia responder mais dúvidas.', '2023-06-15'),
    (3, 1, 5, 'Didática excelente!', '2023-07-10'),

    -- Avaliações para professor_id=2
    (4, 2, 4, 'Bom professor, porém às vezes apressado.', '2023-05-20'),
    (5, 2, 4, 'Explica bem, mas o conteúdo é denso.', '2023-06-18'),
    (6, 2, 3, 'Regular, poderia usar mais exemplos práticos.', '2023-07-05'),

    -- Avaliações para professor_id=3
    (7, 3, 3, 'Regular, o material é bom, mas a explicação confunde.', '2023-06-01'),
    (8, 3, 4, 'Melhorou ao longo do semestre.', '2023-07-10'),
    (9, 3, 5, 'Excelente didática, gostei muito.', '2023-08-01'),

    -- Avaliações para professor_id=4
    (10, 4, 2, 'A explicação foi confusa.', '2023-05-25'),
    (1, 4, 3, 'Material bom, mas precisaria mais paciência com alunos.', '2023-06-15'),
    (2, 4, 4, 'Melhorou ao longo das aulas.', '2023-07-20'),

    -- Avaliações para professor_id=5
    (3, 5, 1, 'Material incompleto e confuso.', '2023-06-05'),
    (4, 5, 2, 'Dificuldade em acompanhar o raciocínio.', '2023-07-15'),
    (5, 5, 3, 'Didática poderia ser melhor.', '2023-08-01'),

    -- Avaliações para professor_id=6
    (6, 6, 5, 'Excelente, sempre disposto a ajudar.', '2023-05-01'),
    (7, 6, 4, 'Bom professor, mas as aulas são cansativas.', '2023-06-01'),
    (8, 6, 5, 'Muito dedicado e prestativo.', '2023-07-01'),

    -- Avaliações para professor_id=7
    (9, 7, 4, 'Muito bom, explica com clareza.', '2023-06-15'),
    (10, 7, 5, 'Gostei muito das aulas, professor muito competente.', '2023-07-10'),
    (1, 7, 4, 'Boa didática, mas poderia melhorar o ritmo.', '2023-08-01'),

    -- Avaliações para professor_id=8
    (2, 8, 3, 'Bom professor, mas as aulas são densas.', '2023-06-20'),
    (3, 8, 4, 'Melhorou a interação com os alunos.', '2023-07-15'),
    (4, 8, 5, 'Aulas excelentes e muito bem preparadas.', '2023-08-10'),

    -- Avaliações para professor_id=9
    (5, 9, 2, 'Difícil de acompanhar o raciocínio.', '2023-06-10'),
    (6, 9, 3, 'Conteúdo importante, mas explicação rápida.', '2023-07-01'),
    (7, 9, 4, 'Bom professor, material bem estruturado.', '2023-08-01'),

    -- Avaliações para professor_id=10
    (8, 10, 5, 'Fantástico, professor muito empático.', '2023-06-05'),
    (9, 10, 5, 'Aulas incríveis, professor sempre disposto a ajudar.', '2023-07-01'),
    (10, 10, 5, 'Didática impecável, adorei o semestre.', '2023-08-01');